{"comm_round": 2, "loss": 0.033766113221645355, "accuracy": 0.9896551966667175}
{"comm_round": 3, "loss": 0.023913344368338585, "accuracy": 0.9896551966667175}
{"comm_round": 4, "loss": 0.019006118178367615, "accuracy": 0.9925287365913391}
{"comm_round": 5, "loss": 0.016340546309947968, "accuracy": 0.9954022765159607}
{"comm_round": 6, "loss": 0.01481113862246275, "accuracy": 0.9954022765159607}
{"comm_round": 7, "loss": 0.01380059402436018, "accuracy": 0.9954022765159607}
{"comm_round": 8, "loss": 0.013063696213066578, "accuracy": 0.998275876045227}
{"comm_round": 9, "loss": 0.01254317443817854, "accuracy": 0.998275876045227}
{"comm_round": 10, "loss": 0.012153079733252525, "accuracy": 0.998275876045227}
