{"comm_round": 2, "loss": 5.169727955944836e-05, "accuracy": 1.0}
{"comm_round": 3, "loss": 6.745914288330823e-05, "accuracy": 1.0}
{"comm_round": 4, "loss": 1.4783730875933543e-05, "accuracy": 1.0}
{"comm_round": 5, "loss": 1.7230802768608555e-05, "accuracy": 1.0}
{"comm_round": 6, "loss": 1.206630258820951e-05, "accuracy": 1.0}
{"comm_round": 7, "loss": 1.2984181012143381e-05, "accuracy": 1.0}
{"comm_round": 8, "loss": 1.3254057193989865e-05, "accuracy": 1.0}
{"comm_round": 9, "loss": 5.3166136240179185e-06, "accuracy": 1.0}
{"comm_round": 10, "loss": 7.5430816650623456e-06, "accuracy": 1.0}
{"comm_round": 11, "loss": 5.26264284417266e-06, "accuracy": 1.0}
{"comm_round": 12, "loss": 9.378371032653376e-06, "accuracy": 1.0}
{"comm_round": 13, "loss": 8.707876077096444e-06, "accuracy": 1.0}
{"comm_round": 14, "loss": 1.2430924471118487e-05, "accuracy": 1.0}
{"comm_round": 15, "loss": 5.2234540817153174e-06, "accuracy": 1.0}
{"comm_round": 16, "loss": 6.480955107690534e-06, "accuracy": 1.0}
{"comm_round": 17, "loss": 8.613486897957046e-06, "accuracy": 1.0}
{"comm_round": 18, "loss": 1.300255098612979e-05, "accuracy": 1.0}
{"comm_round": 19, "loss": 1.0800764357554726e-05, "accuracy": 1.0}
{"comm_round": 20, "loss": 3.7502090890484396e-06, "accuracy": 1.0}
