{
    "loss": [
        2.2282609939575195,
        0.3007563352584839,
        0.1347145140171051,
        0.09316708147525787,
        0.07183939218521118,
        0.06034054979681969,
        0.04616255685687065,
        0.037281204015016556,
        0.028095737099647522,
        0.023119553923606873,
        0.01910562440752983,
        0.017383964732289314,
        0.018543388694524765,
        0.01592414267361164,
        0.01282903365790844,
        0.013808234594762325,
        0.011331011541187763,
        0.011789289303123951,
        0.009736906737089157,
        0.009930295869708061,
        0.009385241195559502,
        0.009143245406448841,
        0.007658276241272688,
        0.00641905190423131,
        0.00840958021581173,
        0.007639338728040457,
        0.00823646318167448,
        0.007015553303062916,
        0.0063916463404893875,
        0.007087032776325941,
        0.005487559828907251,
        0.007231450639665127,
        0.006857504136860371,
        0.007227860391139984,
        0.0062162303365767,
        0.005486905574798584,
        0.0046326578594744205,
        0.005428810138255358,
        0.004987843334674835,
        0.005430890712887049,
        0.005825539585202932,
        0.004657483194023371,
        0.005843485239893198,
        0.005137453321367502,
        0.005050306208431721,
        0.005103713367134333,
        0.004813783802092075,
        0.003936075139790773,
        0.0046922024339437485,
        0.004529416095465422
    ],
    "accuracy": [
        0.24474576115608215,
        0.9410169720649719,
        0.9777966141700745,
        0.9859322309494019,
        0.9876270890235901,
        0.9910169243812561,
        0.9945762753486633,
        0.9952542185783386,
        0.9961016774177551,
        0.9961016774177551,
        0.9961016774177551,
        0.9977965950965881,
        0.9977965950965881,
        0.9977965950965881,
        0.9986440539360046,
        0.9979661107063293,
        0.9986440539360046,
        0.9977965950965881,
        0.9988135695457458,
        0.9988135695457458,
        0.9988135695457458,
        0.9988135695457458,
        0.9988135695457458,
        0.9988135695457458,
        0.9986440539360046,
        0.9988135695457458,
        0.9977965950965881,
        0.9986440539360046,
        0.9988135695457458,
        0.9988135695457458,
        0.9989830255508423,
        0.9988135695457458,
        0.9986440539360046,
        0.9989830255508423,
        0.9986440539360046,
        0.9988135695457458,
        0.9986440539360046,
        0.9988135695457458,
        0.9989830255508423,
        0.9986440539360046,
        0.9988135695457458,
        0.9988135695457458,
        0.9988135695457458,
        0.9984745979309082,
        0.9984745979309082,
        0.9989830255508423,
        0.9989830255508423,
        0.9989830255508423,
        0.9988135695457458,
        0.9988135695457458
    ],
    "val_loss": [
        0.9188700318336487,
        0.5612953901290894,
        0.35946565866470337,
        0.23848307132720947,
        0.15970374643802643,
        0.1018320769071579,
        0.060899149626493454,
        0.03702201321721077,
        0.023952802643179893,
        0.016555167734622955,
        0.012100346386432648,
        0.009262711741030216,
        0.007168198935687542,
        0.00559830479323864,
        0.004436047747731209,
        0.003625573357567191,
        0.0030245096422731876,
        0.0025367781054228544,
        0.0021815819200128317,
        0.0019288293551653624,
        0.0017305383225902915,
        0.0015506234485656023,
        0.0013916948810219765,
        0.0012559022288769484,
        0.0011436905479058623,
        0.0010616317158564925,
        0.00098936608992517,
        0.0009244136745110154,
        0.0008788570412434638,
        0.0008504083380103111,
        0.0008243246120400727,
        0.0008031348697841167,
        0.0007794821285642684,
        0.000738680362701416,
        0.0006962391780689359,
        0.0006601005443371832,
        0.0006328405579552054,
        0.000603494409006089,
        0.0005762676591984928,
        0.0005527532775886357,
        0.0005300163757055998,
        0.0005117238615639508,
        0.0004937018384225667,
        0.0004752670938614756,
        0.0004579187952913344,
        0.0004416928568389267,
        0.000427472114097327,
        0.00041326176142320037,
        0.00040030956733971834,
        0.0003885343612637371
    ],
    "val_accuracy": [
        0.9387351870536804,
        0.9861660003662109,
        0.9940711259841919,
        0.9940711259841919,
        0.9960474371910095,
        0.9980236887931824,
        1.0,
        1.0,
        1.0,
        1.0,
        1.0,
        1.0,
        1.0,
        1.0,
        1.0,
        1.0,
        1.0,
        1.0,
        1.0,
        1.0,
        1.0,
        1.0,
        1.0,
        1.0,
        1.0,
        1.0,
        1.0,
        1.0,
        1.0,
        1.0,
        1.0,
        1.0,
        1.0,
        1.0,
        1.0,
        1.0,
        1.0,
        1.0,
        1.0,
        1.0,
        1.0,
        1.0,
        1.0,
        1.0,
        1.0,
        1.0,
        1.0,
        1.0,
        1.0,
        1.0
    ]
}