{"comm_round": 2, "loss": 2.380131959915161, "accuracy": 0.36894410848617554}
{"comm_round": 3, "loss": 2.0821259021759033, "accuracy": 0.46770185232162476}
{"comm_round": 4, "loss": 1.1870975494384766, "accuracy": 0.6186335682868958}
{"comm_round": 5, "loss": 2.835958957672119, "accuracy": 0.40434783697128296}
