{"comm_round": 2, "loss": 0.011825505644083023, "accuracy": 1.0}
{"comm_round": 3, "loss": 0.006321974564343691, "accuracy": 1.0}
{"comm_round": 4, "loss": 0.004016473889350891, "accuracy": 1.0}
{"comm_round": 5, "loss": 0.0027978564612567425, "accuracy": 1.0}
{"comm_round": 6, "loss": 0.002075216267257929, "accuracy": 1.0}
{"comm_round": 7, "loss": 0.0016062844078987837, "accuracy": 1.0}
{"comm_round": 8, "loss": 0.0012848757905885577, "accuracy": 1.0}
{"comm_round": 9, "loss": 0.001053576823323965, "accuracy": 1.0}
{"comm_round": 10, "loss": 0.0008816428598947823, "accuracy": 1.0}
