{"comm_round": 2, "loss": 0.004936637822538614, "accuracy": 0.9987040758132935}
{"comm_round": 3, "loss": 0.005181384738534689, "accuracy": 0.9987040758132935}
{"comm_round": 4, "loss": 0.0964970663189888, "accuracy": 0.9987040758132935}
{"comm_round": 5, "loss": 0.005196022801101208, "accuracy": 0.9982721209526062}
{"comm_round": 6, "loss": 0.17413951456546783, "accuracy": 0.9982721209526062}
{"comm_round": 7, "loss": 0.005902859382331371, "accuracy": 0.9982721209526062}
{"comm_round": 8, "loss": 0.08068748563528061, "accuracy": 0.9961122870445251}
{"comm_round": 9, "loss": 0.005191465374082327, "accuracy": 0.9982721209526062}
{"comm_round": 10, "loss": 0.12347660958766937, "accuracy": 0.9982721209526062}
