{"comm_round": 2, "loss": 0.0211382694542408, "accuracy": 0.9970501661300659}
{"comm_round": 3, "loss": 0.017183098942041397, "accuracy": 0.9970501661300659}
{"comm_round": 4, "loss": 0.015503579750657082, "accuracy": 0.9970501661300659}
{"comm_round": 5, "loss": 0.01458707731217146, "accuracy": 0.9970501661300659}
{"comm_round": 6, "loss": 0.013983297161757946, "accuracy": 0.9970501661300659}
{"comm_round": 7, "loss": 0.013525160029530525, "accuracy": 0.9970501661300659}
{"comm_round": 8, "loss": 0.01319810003042221, "accuracy": 0.9970501661300659}
{"comm_round": 9, "loss": 0.012943297624588013, "accuracy": 0.9970501661300659}
{"comm_round": 10, "loss": 0.01276057306677103, "accuracy": 0.9970501661300659}
