{"comm_round": 2, "loss": 0.0001615575165487826, "accuracy": 1.0}
{"comm_round": 3, "loss": 0.0005487414309754968, "accuracy": 1.0}
{"comm_round": 4, "loss": 3.986368756159209e-05, "accuracy": 1.0}
{"comm_round": 5, "loss": 6.41667065792717e-05, "accuracy": 1.0}
{"comm_round": 6, "loss": 3.703284892253578e-05, "accuracy": 1.0}
{"comm_round": 7, "loss": 3.8290883821900934e-05, "accuracy": 1.0}
{"comm_round": 8, "loss": 7.91242637205869e-05, "accuracy": 1.0}
{"comm_round": 9, "loss": 1.9265940863988362e-05, "accuracy": 1.0}
{"comm_round": 10, "loss": 5.5451077059842646e-05, "accuracy": 1.0}
{"comm_round": 11, "loss": 3.643853051471524e-05, "accuracy": 1.0}
{"comm_round": 12, "loss": 8.561769936932251e-05, "accuracy": 1.0}
{"comm_round": 13, "loss": 2.8497985113062896e-05, "accuracy": 1.0}
{"comm_round": 14, "loss": 0.00026392092695459723, "accuracy": 1.0}
{"comm_round": 15, "loss": 3.7147223338251933e-05, "accuracy": 1.0}
{"comm_round": 16, "loss": 3.3966167393373325e-05, "accuracy": 1.0}
{"comm_round": 17, "loss": 3.6767436540685594e-05, "accuracy": 1.0}
{"comm_round": 18, "loss": 6.578450847882777e-05, "accuracy": 1.0}
{"comm_round": 19, "loss": 5.250312460702844e-05, "accuracy": 1.0}
{"comm_round": 20, "loss": 7.031353743514046e-05, "accuracy": 1.0}
