{
    "loss": [
        1.9087377786636353,
        0.3411138355731964,
        0.1778094619512558,
        0.12938055396080017,
        0.09909762442111969,
        0.07446075975894928,
        0.06415124982595444,
        0.048841722309589386,
        0.034703221172094345,
        0.0322243832051754,
        0.02547171525657177,
        0.02116558514535427,
        0.018598519265651703,
        0.015378576703369617,
        0.013355085626244545,
        0.011075039394199848,
        0.01055897120386362,
        0.01015907246619463,
        0.008615365251898766,
        0.008176366798579693,
        0.006805102340877056,
        0.0074013601988554,
        0.00681667122989893,
        0.006157434545457363,
        0.00595893245190382,
        0.006435878574848175,
        0.0041562351398169994,
        0.005039768759161234,
        0.006044383626431227,
        0.005979165434837341,
        0.005015166476368904,
        0.005834580864757299,
        0.005301244556903839,
        0.004532704129815102,
        0.004908069968223572,
        0.004693037364631891,
        0.004777241963893175,
        0.004296989180147648,
        0.004761855583637953,
        0.003419894492253661,
        0.004664302803575993,
        0.00473747868090868,
        0.004177613649517298,
        0.003378619672730565,
        0.003821132006123662,
        0.004360342863947153,
        0.0038975165225565434,
        0.0031354043167084455,
        0.0033087958581745625,
        0.003225623397156596
    ],
    "accuracy": [
        0.2495361715555191,
        0.8936920166015625,
        0.9697588086128235,
        0.9825602769851685,
        0.9883117079734802,
        0.9920222759246826,
        0.9938775300979614,
        0.9946196675300598,
        0.9975880980491638,
        0.9964749813079834,
        0.998515784740448,
        0.9975880980491638,
        0.9994434118270874,
        0.9992578625679016,
        0.9992578625679016,
        0.9992578625679016,
        0.9994434118270874,
        0.9994434118270874,
        0.9992578625679016,
        0.9994434118270874,
        0.9994434118270874,
        0.998515784740448,
        0.9994434118270874,
        0.9992578625679016,
        0.9992578625679016,
        0.9992578625679016,
        0.9994434118270874,
        0.9994434118270874,
        0.9992578625679016,
        0.9994434118270874,
        0.9992578625679016,
        0.9983302354812622,
        0.9994434118270874,
        0.9994434118270874,
        0.9994434118270874,
        0.9994434118270874,
        0.9992578625679016,
        0.9994434118270874,
        0.9994434118270874,
        0.9994434118270874,
        0.9992578625679016,
        0.9992578625679016,
        0.9994434118270874,
        0.9994434118270874,
        0.9994434118270874,
        0.9994434118270874,
        0.9994434118270874,
        0.9994434118270874,
        0.9992578625679016,
        0.9994434118270874
    ],
    "val_loss": [
        0.94004887342453,
        0.601127028465271,
        0.4541517496109009,
        0.36467722058296204,
        0.2977502644062042,
        0.24834327399730682,
        0.20999179780483246,
        0.18138957023620605,
        0.15910452604293823,
        0.14241202175617218,
        0.12381631880998611,
        0.10790469497442245,
        0.09603824466466904,
        0.08502811938524246,
        0.0737781897187233,
        0.06475552171468735,
        0.058303046971559525,
        0.052477169781923294,
        0.04582199081778526,
        0.04032433032989502,
        0.03543616086244583,
        0.03172696381807327,
        0.028874414041638374,
        0.026158371940255165,
        0.023983730003237724,
        0.02139168791472912,
        0.018852662295103073,
        0.01692912168800831,
        0.015598136000335217,
        0.014414090663194656,
        0.013423631899058819,
        0.012581962160766125,
        0.011925611644983292,
        0.011452242732048035,
        0.010942528955638409,
        0.010407593101263046,
        0.009769977070391178,
        0.009261628612875938,
        0.008922870270907879,
        0.008749328553676605,
        0.008546514436602592,
        0.008394072763621807,
        0.00836245622485876,
        0.008397500962018967,
        0.008400024846196175,
        0.008411305956542492,
        0.008375299163162708,
        0.00817491952329874,
        0.007677027955651283,
        0.007137239445000887
    ],
    "val_accuracy": [
        0.9252699613571167,
        0.9317494630813599,
        0.9231101274490356,
        0.9252699613571167,
        0.9252699613571167,
        0.9317494630813599,
        0.936069130897522,
        0.9425485730171204,
        0.9490280747413635,
        0.9533477425575256,
        0.9555075764656067,
        0.959827184677124,
        0.9663066864013672,
        0.9749460220336914,
        0.9771058559417725,
        0.9792656302452087,
        0.9814254641532898,
        0.9835852980613708,
        0.9835852980613708,
        0.9853131771087646,
        0.9874730110168457,
        0.9874730110168457,
        0.9939525127410889,
        0.9939525127410889,
        0.9939525127410889,
        0.9961122870445251,
        0.9961122870445251,
        0.9961122870445251,
        0.9961122870445251,
        0.9961122870445251,
        0.9982721209526062,
        0.9982721209526062,
        0.9982721209526062,
        0.9982721209526062,
        0.9982721209526062,
        0.9982721209526062,
        0.9982721209526062,
        0.9982721209526062,
        0.9982721209526062,
        0.9982721209526062,
        0.9982721209526062,
        0.9982721209526062,
        0.9982721209526062,
        0.9982721209526062,
        0.9982721209526062,
        0.9982721209526062,
        0.9982721209526062,
        0.9982721209526062,
        0.9982721209526062,
        0.9982721209526062
    ]
}