{"comm_round": 2, "loss": 0.019747858867049217, "accuracy": 0.9985972046852112}
{"comm_round": 3, "loss": 0.013850313611328602, "accuracy": 0.9985972046852112}
{"comm_round": 4, "loss": 0.011320543475449085, "accuracy": 0.9985972046852112}
{"comm_round": 5, "loss": 0.009997143410146236, "accuracy": 0.9985972046852112}
{"comm_round": 6, "loss": 0.009273773990571499, "accuracy": 0.9985972046852112}
{"comm_round": 7, "loss": 0.008838769979774952, "accuracy": 0.9985972046852112}
{"comm_round": 8, "loss": 0.008547878824174404, "accuracy": 0.9985972046852112}
{"comm_round": 9, "loss": 0.00836025457829237, "accuracy": 0.9985972046852112}
{"comm_round": 10, "loss": 0.00823122262954712, "accuracy": 0.9985972046852112}
