{"comm_round": 2, "loss": 0.011427192948758602, "accuracy": 0.9987288117408752}
{"comm_round": 3, "loss": 12.20072078704834, "accuracy": 0.2173333317041397}
{"comm_round": 4, "loss": 4.414243221282959, "accuracy": 0.20600000023841858}
{"comm_round": 5, "loss": 5.753557205200195, "accuracy": 0.21466666460037231}
{"comm_round": 6, "loss": 3.9637207984924316, "accuracy": 0.2173333317041397}
{"comm_round": 7, "loss": 5.449809551239014, "accuracy": 0.20466665923595428}
{"comm_round": 8, "loss": 3.340313673019409, "accuracy": 0.20666666328907013}
{"comm_round": 9, "loss": 7.170409202575684, "accuracy": 0.2173333317041397}
{"comm_round": 10, "loss": 3.153517723083496, "accuracy": 0.2006666660308838}
