{"comm_round": 2, "loss": 2.2756574153900146, "accuracy": 0.3515527844429016}
{"comm_round": 3, "loss": 2.0944838523864746, "accuracy": 0.48260870575904846}
{"comm_round": 4, "loss": 1.1785999536514282, "accuracy": 0.6211180090904236}
{"comm_round": 5, "loss": 2.7095649242401123, "accuracy": 0.42919254302978516}
