{"comm_round": 2, "loss": 0.007201983593404293, "accuracy": 0.9994106292724609}
{"comm_round": 3, "loss": 11.472888946533203, "accuracy": 0.19599999487400055}
{"comm_round": 4, "loss": 0.0976685956120491, "accuracy": 0.9974460005760193}
{"comm_round": 5, "loss": 10.697239875793457, "accuracy": 0.19333332777023315}
{"comm_round": 6, "loss": 0.18781349062919617, "accuracy": 0.9994106292724609}
{"comm_round": 7, "loss": 10.399572372436523, "accuracy": 0.1899999976158142}
{"comm_round": 8, "loss": 0.07684169709682465, "accuracy": 0.9974460005760193}
{"comm_round": 9, "loss": 11.051106452941895, "accuracy": 0.18799999356269836}
{"comm_round": 10, "loss": 0.12807431817054749, "accuracy": 0.9974460005760193}
