{"comm_round": 2, "loss": 0.0267588309943676, "accuracy": 0.996048629283905}
{"comm_round": 3, "loss": 6.310034275054932, "accuracy": 0.20789474248886108}
{"comm_round": 4, "loss": 1.6426458358764648, "accuracy": 0.21315789222717285}
{"comm_round": 5, "loss": 1.6382619142532349, "accuracy": 0.21052631735801697}
{"comm_round": 6, "loss": 1.638702154159546, "accuracy": 0.21578946709632874}
{"comm_round": 7, "loss": 1.6406265497207642, "accuracy": 0.20263157784938812}
{"comm_round": 8, "loss": 1.6436492204666138, "accuracy": 0.21578946709632874}
{"comm_round": 9, "loss": 1.648084044456482, "accuracy": 0.20263157784938812}
{"comm_round": 10, "loss": 1.653210163116455, "accuracy": 0.205263152718544}
