{"comm_round": 2, "loss": 0.002135807415470481, "accuracy": 0.9994580149650574}
{"comm_round": 3, "loss": 12.247108459472656, "accuracy": 0.2173333317041397}
{"comm_round": 4, "loss": 1.6098212003707886, "accuracy": 0.20333333313465118}
{"comm_round": 5, "loss": 1.6091041564941406, "accuracy": 0.21666666865348816}
{"comm_round": 6, "loss": 1.6092897653579712, "accuracy": 0.20266667008399963}
{"comm_round": 7, "loss": 1.6093876361846924, "accuracy": 0.2006666660308838}
{"comm_round": 8, "loss": 1.609449863433838, "accuracy": 0.1979999989271164}
{"comm_round": 9, "loss": 1.6095341444015503, "accuracy": 0.19733333587646484}
{"comm_round": 10, "loss": 1.6096274852752686, "accuracy": 0.19866666197776794}
{"comm_round": 11, "loss": 1.6096603870391846, "accuracy": 0.1993333399295807}
{"comm_round": 12, "loss": 1.609849452972412, "accuracy": 0.1926666647195816}
{"comm_round": 13, "loss": 1.6096125841140747, "accuracy": 0.21199999749660492}
{"comm_round": 14, "loss": 1.60914146900177, "accuracy": 0.20533333718776703}
{"comm_round": 15, "loss": 1.6097475290298462, "accuracy": 0.18400000035762787}
{"comm_round": 16, "loss": 1.6104485988616943, "accuracy": 0.1926666647195816}
{"comm_round": 17, "loss": 1.6120432615280151, "accuracy": 0.18733333051204681}
{"comm_round": 18, "loss": 1.6130000352859497, "accuracy": 0.18666666746139526}
{"comm_round": 19, "loss": 1.6139788627624512, "accuracy": 0.1979999989271164}
{"comm_round": 20, "loss": 1.616371989250183, "accuracy": 0.1926666647195816}
