{
    "loss": [
        2.294302463531494,
        0.2894205152988434,
        0.1496763378381729,
        0.09211216121912003,
        0.06659021973609924,
        0.056984178721904755,
        0.04472001641988754,
        0.03699308633804321,
        0.029537368565797806,
        0.025189446285367012,
        0.02075377106666565,
        0.01892215386033058,
        0.0174334105104208,
        0.01531735435128212,
        0.01584952510893345,
        0.012065705843269825,
        0.012932033278048038,
        0.012249208055436611,
        0.012555624358355999,
        0.00923152919858694,
        0.008938740007579327,
        0.008173368871212006,
        0.008801860734820366,
        0.007760499604046345,
        0.0062992447055876255,
        0.00716026546433568,
        0.006231915671378374,
        0.006303815171122551,
        0.00706128915771842,
        0.006128298118710518,
        0.008309113793075085,
        0.005919648800045252,
        0.0045139119029045105,
        0.00662614218890667,
        0.007210868410766125,
        0.005064443685114384,
        0.004810786340385675,
        0.005803074222058058,
        0.005368703976273537,
        0.00473686633631587,
        0.005480263847857714,
        0.005402018781751394,
        0.006051165051758289,
        0.005569215398281813,
        0.0048934658989310265,
        0.004749280400574207,
        0.0041501144878566265,
        0.004534765612334013,
        0.00606978265568614,
        0.003796990728005767
    ],
    "accuracy": [
        0.21247892081737518,
        0.952866792678833,
        0.9791737198829651,
        0.9884485602378845,
        0.993338942527771,
        0.993338942527771,
        0.9950252771377563,
        0.9977234601974487,
        0.9967116117477417,
        0.9975547790527344,
        0.9985666275024414,
        0.9983980059623718,
        0.9985666275024414,
        0.9983980059623718,
        0.9983980059623718,
        0.9983980059623718,
        0.9992411732673645,
        0.9992411732673645,
        0.9992411732673645,
        0.9992411732673645,
        0.9992411732673645,
        0.9994097948074341,
        0.9992411732673645,
        0.9992411732673645,
        0.9992411732673645,
        0.9992411732673645,
        0.9994097948074341,
        0.9994097948074341,
        0.9994097948074341,
        0.9994097948074341,
        0.9994097948074341,
        0.9994097948074341,
        0.9994097948074341,
        0.9994097948074341,
        0.9994097948074341,
        0.9992411732673645,
        0.9994097948074341,
        0.9994097948074341,
        0.9992411732673645,
        0.9994097948074341,
        0.9994097948074341,
        0.9994097948074341,
        0.9994097948074341,
        0.9992411732673645,
        0.9994097948074341,
        0.9994097948074341,
        0.9994097948074341,
        0.9994097948074341,
        0.9994097948074341,
        0.9994097948074341
    ],
    "val_loss": [
        1.0035877227783203,
        0.7917751669883728,
        0.7147376537322998,
        0.705775260925293,
        0.7353283762931824,
        0.7839465141296387,
        0.837922215461731,
        0.8819242119789124,
        0.9124347567558289,
        0.9385272264480591,
        0.9795831441879272,
        1.0292034149169922,
        1.0599313974380493,
        1.0759782791137695,
        1.0926508903503418,
        1.0984243154525757,
        1.0687168836593628,
        1.0033644437789917,
        0.9179210066795349,
        0.8265107274055481,
        0.7463690042495728,
        0.6666393876075745,
        0.5920381546020508,
        0.527949333190918,
        0.4668305516242981,
        0.42182838916778564,
        0.3867565095424652,
        0.34905487298965454,
        0.3138461410999298,
        0.2812672257423401,
        0.24777759611606598,
        0.21803627908229828,
        0.1892772912979126,
        0.16102345287799835,
        0.13633793592453003,
        0.11757517606019974,
        0.10087303072214127,
        0.08663015812635422,
        0.07965946942567825,
        0.07604195922613144,
        0.07058002054691315,
        0.06511066108942032,
        0.05894388258457184,
        0.05373650789260864,
        0.04833775758743286,
        0.0432838499546051,
        0.03864997252821922,
        0.03378639370203018,
        0.029315782710909843,
        0.025406789034605026
    ],
    "val_accuracy": [
        0.6365422606468201,
        0.7033398747444153,
        0.7404715418815613,
        0.7679764032363892,
        0.7817288637161255,
        0.7817288637161255,
        0.7797642350196838,
        0.7738703489303589,
        0.7738703489303589,
        0.7758349776268005,
        0.7719057202339172,
        0.7738703489303589,
        0.7777996063232422,
        0.7777996063232422,
        0.7719057202339172,
        0.7699410319328308,
        0.7640471458435059,
        0.7640471458435059,
        0.7640471458435059,
        0.7640471458435059,
        0.7660117745399475,
        0.7719057202339172,
        0.7817288637161255,
        0.7876228094100952,
        0.7974459528923035,
        0.8092337846755981,
        0.8170923590660095,
        0.8249508738517761,
        0.8328094482421875,
        0.8563850522041321,
        0.8838899731636047,
        0.9153241515159607,
        0.9349705576896667,
        0.944793701171875,
        0.9565815329551697,
        0.9624754190444946,
        0.9683693647384644,
        0.9722986221313477,
        0.9742632508277893,
        0.9781925082206726,
        0.9781925082206726,
        0.980157196521759,
        0.980157196521759,
        0.980157196521759,
        0.980157196521759,
        0.986051082611084,
        0.9899803400039673,
        0.9899803400039673,
        0.9939095973968506,
        0.9939095973968506
    ]
}