{"comm_round": 2, "loss": 2.6566874980926514, "accuracy": 0.2732394337654114}
{"comm_round": 3, "loss": 1.687461018562317, "accuracy": 0.5760563611984253}
{"comm_round": 4, "loss": 1.2229840755462646, "accuracy": 0.6291079521179199}
{"comm_round": 5, "loss": 3.002986192703247, "accuracy": 0.41032862663269043}
