{"comm_round": 2, "loss": 0.02416822873055935, "accuracy": 0.9976851940155029}
{"comm_round": 3, "loss": 0.01631147600710392, "accuracy": 0.9976851940155029}
{"comm_round": 4, "loss": 0.012306331656873226, "accuracy": 0.9976851940155029}
{"comm_round": 5, "loss": 0.009737767279148102, "accuracy": 0.9976851940155029}
{"comm_round": 6, "loss": 0.007877656258642673, "accuracy": 0.9976851940155029}
{"comm_round": 7, "loss": 0.006377791985869408, "accuracy": 0.9976851940155029}
{"comm_round": 8, "loss": 0.005188772454857826, "accuracy": 0.9976851940155029}
{"comm_round": 9, "loss": 0.004271823912858963, "accuracy": 0.9976851940155029}
{"comm_round": 10, "loss": 0.003572275163605809, "accuracy": 0.9976851940155029}
