{"comm_round": 2, "loss": 0.004518960602581501, "accuracy": 0.9997143149375916}
{"comm_round": 3, "loss": 0.00456162029877305, "accuracy": 0.9997143149375916}
{"comm_round": 4, "loss": 0.00400506891310215, "accuracy": 0.9997143149375916}
{"comm_round": 5, "loss": 0.004312252625823021, "accuracy": 0.9997143149375916}
{"comm_round": 6, "loss": 0.004000664222985506, "accuracy": 0.9997143149375916}
{"comm_round": 7, "loss": 0.0036584418267011642, "accuracy": 0.9997143149375916}
{"comm_round": 8, "loss": 0.004402086604386568, "accuracy": 0.9997143149375916}
{"comm_round": 9, "loss": 0.0037701844703406096, "accuracy": 0.9997143149375916}
{"comm_round": 10, "loss": 0.004078870639204979, "accuracy": 0.9997143149375916}
{"comm_round": 11, "loss": 0.00411960668861866, "accuracy": 0.9997143149375916}
{"comm_round": 12, "loss": 0.004366917070001364, "accuracy": 0.9997143149375916}
{"comm_round": 13, "loss": 0.004573207814246416, "accuracy": 0.9997143149375916}
{"comm_round": 14, "loss": 0.00391845777630806, "accuracy": 0.9997143149375916}
{"comm_round": 15, "loss": 0.004425367806106806, "accuracy": 0.9997143149375916}
{"comm_round": 16, "loss": 0.004504035692662001, "accuracy": 0.9997143149375916}
{"comm_round": 17, "loss": 0.00426988210529089, "accuracy": 0.9997143149375916}
{"comm_round": 18, "loss": 0.004477722104638815, "accuracy": 0.9997143149375916}
{"comm_round": 19, "loss": 0.0041713896207511425, "accuracy": 0.9997143149375916}
{"comm_round": 20, "loss": 0.003970802761614323, "accuracy": 0.9997143149375916}
