{
    "loss": [
        1.9794520139694214,
        0.5747385025024414,
        0.3108304738998413,
        0.19762428104877472,
        0.14928211271762848,
        0.11557994782924652,
        0.09329237788915634,
        0.07829684019088745,
        0.06994548439979553,
        0.05794709548354149,
        0.05014103278517723,
        0.048270732164382935,
        0.04646323248744011,
        0.03727543354034424,
        0.03623279929161072,
        0.033314868807792664,
        0.03145122155547142,
        0.029590383172035217,
        0.024183185771107674,
        0.024663874879479408,
        0.021962398663163185,
        0.02331351861357689,
        0.018002904951572418,
        0.017432715743780136,
        0.018535124137997627,
        0.01547757163643837,
        0.01778149977326393,
        0.016007257625460625,
        0.015879204496741295,
        0.014685708098113537,
        0.012044297531247139,
        0.010189474560320377,
        0.011918663047254086,
        0.011577722616493702,
        0.010950206778943539,
        0.009631821885704994,
        0.010614724829792976,
        0.009745950810611248,
        0.008564826101064682,
        0.008819932118058205,
        0.008235462941229343,
        0.009308583103120327,
        0.007573505397886038,
        0.007744921837002039,
        0.007257862947881222,
        0.0076672532595694065,
        0.007959889248013496,
        0.007752541918307543,
        0.0072233350947499275,
        0.0069676656275987625
    ],
    "accuracy": [
        0.2528112530708313,
        0.810441792011261,
        0.9289156794548035,
        0.9686747193336487,
        0.9787148833274841,
        0.9877510070800781,
        0.9905622601509094,
        0.9905622601509094,
        0.9897590279579163,
        0.9937751293182373,
        0.9937751293182373,
        0.9937751293182373,
        0.9927710890769958,
        0.994779109954834,
        0.9957831501960754,
        0.994779109954834,
        0.9967871308326721,
        0.9957831501960754,
        0.9977911710739136,
        0.9967871308326721,
        0.9967871308326721,
        0.9977911710739136,
        0.9977911710739136,
        0.9967871308326721,
        0.9967871308326721,
        0.9977911710739136,
        0.9977911710739136,
        0.9977911710739136,
        0.9967871308326721,
        0.9977911710739136,
        0.9977911710739136,
        0.9987951517105103,
        0.9985944032669067,
        0.9975903630256653,
        0.9971887469291687,
        0.9987951517105103,
        0.9987951517105103,
        0.9987951517105103,
        0.9987951517105103,
        0.9987951517105103,
        0.9987951517105103,
        0.9981927871704102,
        0.9985944032669067,
        0.9985944032669067,
        0.9985944032669067,
        0.9987951517105103,
        0.9981927871704102,
        0.9987951517105103,
        0.9987951517105103,
        0.9985944032669067
    ],
    "val_loss": [
        1.0783588886260986,
        0.862541913986206,
        0.73506760597229,
        0.6496497392654419,
        0.5909202694892883,
        0.5518807768821716,
        0.5289422869682312,
        0.5189509987831116,
        0.518099844455719,
        0.5230944752693176,
        0.5318654775619507,
        0.5426227450370789,
        0.5547212362289429,
        0.5672118067741394,
        0.5797432661056519,
        0.5904358625411987,
        0.5983019471168518,
        0.6035691499710083,
        0.607038676738739,
        0.6091579794883728,
        0.6091587543487549,
        0.6071441769599915,
        0.603069543838501,
        0.5970798134803772,
        0.589446485042572,
        0.5801931023597717,
        0.5697322487831116,
        0.5589784383773804,
        0.5475115776062012,
        0.5342229008674622,
        0.5210011601448059,
        0.5084216594696045,
        0.4957347810268402,
        0.4821605086326599,
        0.46746477484703064,
        0.4511560797691345,
        0.4328480660915375,
        0.4141860902309418,
        0.39475879073143005,
        0.3738124966621399,
        0.35335829854011536,
        0.33335718512535095,
        0.3133499026298523,
        0.2947064936161041,
        0.2774449586868286,
        0.26048314571380615,
        0.24288807809352875,
        0.22631654143333435,
        0.21131531894207,
        0.19965849816799164
    ],
    "val_accuracy": [
        0.7056074738502502,
        0.7663551568984985,
        0.7686915993690491,
        0.7757009267807007,
        0.7827102541923523,
        0.7827102541923523,
        0.7827102541923523,
        0.7873831987380981,
        0.7873831987380981,
        0.7873831987380981,
        0.7873831987380981,
        0.7873831987380981,
        0.7873831987380981,
        0.7873831987380981,
        0.7873831987380981,
        0.7897196412086487,
        0.7920560836791992,
        0.7920560836791992,
        0.7920560836791992,
        0.7920560836791992,
        0.7920560836791992,
        0.7920560836791992,
        0.7920560836791992,
        0.7920560836791992,
        0.7920560836791992,
        0.7920560836791992,
        0.7920560836791992,
        0.7920560836791992,
        0.7920560836791992,
        0.7920560836791992,
        0.7920560836791992,
        0.7920560836791992,
        0.7920560836791992,
        0.7920560836791992,
        0.7920560836791992,
        0.7920560836791992,
        0.7920560836791992,
        0.7920560836791992,
        0.7943925261497498,
        0.7990654110908508,
        0.8084112405776978,
        0.8177570104598999,
        0.822429895401001,
        0.8341121673583984,
        0.8387850522994995,
        0.8481308221817017,
        0.8621495366096497,
        0.8738317489624023,
        0.8878504633903503,
        0.9018691778182983
    ]
}