{"comm_round": 2, "loss": 0.01957002840936184, "accuracy": 0.996437668800354}
{"comm_round": 3, "loss": 0.013163726776838303, "accuracy": 0.9989821910858154}
{"comm_round": 4, "loss": 0.010475382208824158, "accuracy": 0.9989821910858154}
{"comm_round": 5, "loss": 0.009065952152013779, "accuracy": 0.9989821910858154}
{"comm_round": 6, "loss": 0.008246696554124355, "accuracy": 0.9989821910858154}
{"comm_round": 7, "loss": 0.007729933597147465, "accuracy": 0.9989821910858154}
{"comm_round": 8, "loss": 0.007429966237396002, "accuracy": 0.9989821910858154}
{"comm_round": 9, "loss": 0.007249032147228718, "accuracy": 0.9989821910858154}
{"comm_round": 10, "loss": 0.007129802834242582, "accuracy": 0.9989821910858154}
