{"comm_round": 2, "loss": 2.4884674549102783, "accuracy": 0.3636363744735718}
{"comm_round": 3, "loss": 2.1423873901367188, "accuracy": 0.4389610290527344}
{"comm_round": 4, "loss": 1.2446397542953491, "accuracy": 0.583116888999939}
{"comm_round": 5, "loss": 2.643259048461914, "accuracy": 0.48051947355270386}
