{"comm_round": 2, "loss": 0.014761129394173622, "accuracy": 0.9985679984092712}
{"comm_round": 3, "loss": 0.009852845221757889, "accuracy": 0.9985679984092712}
{"comm_round": 4, "loss": 0.007961786352097988, "accuracy": 0.9985679984092712}
{"comm_round": 5, "loss": 0.007017863914370537, "accuracy": 0.9985679984092712}
{"comm_round": 6, "loss": 0.006477783899754286, "accuracy": 0.9985679984092712}
{"comm_round": 7, "loss": 0.006134267430752516, "accuracy": 0.9985679984092712}
{"comm_round": 8, "loss": 0.00589910289272666, "accuracy": 0.9985679984092712}
{"comm_round": 9, "loss": 0.005731765180826187, "accuracy": 0.9985679984092712}
{"comm_round": 10, "loss": 0.005600402131676674, "accuracy": 0.9985679984092712}
