{"comm_round": 2, "loss": 7.691930659348145e-05, "accuracy": 1.0}
{"comm_round": 3, "loss": 12.518861770629883, "accuracy": 0.1899999976158142}
{"comm_round": 4, "loss": 1.6106492280960083, "accuracy": 0.20666666328907013}
{"comm_round": 5, "loss": 1.609843373298645, "accuracy": 0.21199999749660492}
{"comm_round": 6, "loss": 1.6100592613220215, "accuracy": 0.2133333384990692}
{"comm_round": 7, "loss": 1.6101875305175781, "accuracy": 0.21666666865348816}
{"comm_round": 8, "loss": 1.6102741956710815, "accuracy": 0.21266666054725647}
{"comm_round": 9, "loss": 1.6102733612060547, "accuracy": 0.21199999749660492}
{"comm_round": 10, "loss": 1.6104408502578735, "accuracy": 0.2160000056028366}
{"comm_round": 11, "loss": 1.6110864877700806, "accuracy": 0.21666666865348816}
{"comm_round": 12, "loss": 1.6109882593154907, "accuracy": 0.20999999344348907}
{"comm_round": 13, "loss": 1.611507773399353, "accuracy": 0.21933333575725555}
{"comm_round": 14, "loss": 1.6109094619750977, "accuracy": 0.20933333039283752}
{"comm_round": 15, "loss": 1.6122523546218872, "accuracy": 0.20133332908153534}
{"comm_round": 16, "loss": 1.6133219003677368, "accuracy": 0.20533333718776703}
{"comm_round": 17, "loss": 1.6137449741363525, "accuracy": 0.20600000023841858}
{"comm_round": 18, "loss": 1.6144530773162842, "accuracy": 0.20399999618530273}
{"comm_round": 19, "loss": 1.6165355443954468, "accuracy": 0.20200000703334808}
{"comm_round": 20, "loss": 1.6191824674606323, "accuracy": 0.19333332777023315}
