{
    "loss": [
        1.5518929958343506,
        0.2727530598640442,
        0.14054624736309052,
        0.09419339895248413,
        0.06870966404676437,
        0.04841786250472069,
        0.039793889969587326,
        0.025493809953331947,
        0.02093876525759697,
        0.01674935594201088,
        0.013476175256073475,
        0.012971754185855389,
        0.009819467552006245,
        0.009281815961003304,
        0.00825238786637783,
        0.007329694926738739,
        0.005099842790514231,
        0.00618854071944952,
        0.005778406281024218,
        0.004686316009610891,
        0.004221209324896336,
        0.0033467027824372053,
        0.0030059299897402525,
        0.0035612063948065042,
        0.003112700069323182,
        0.0032701268792152405,
        0.002325889188796282,
        0.0027503517922014,
        0.002052319934591651,
        0.00250632013194263,
        0.0019625932909548283,
        0.0020699542947113514,
        0.0020271511748433113,
        0.0016795997507870197,
        0.0017766947858035564,
        0.0018360689282417297,
        0.0015160015318542719,
        0.0015051336959004402,
        0.0014943769201636314,
        0.001276683178730309,
        0.0012009231140837073,
        0.0014335912419483066,
        0.001420923275873065,
        0.0013955133035779,
        0.001045360928401351,
        0.0010587078286334872,
        0.001098895096220076,
        0.0009019245044328272,
        0.000958251825068146,
        0.0008355422760359943
    ],
    "accuracy": [
        0.38675957918167114,
        0.9311846494674683,
        0.9721254110336304,
        0.9817073345184326,
        0.9912891983985901,
        0.9956446290016174,
        0.9956446290016174,
        0.9973867535591125,
        0.9982578158378601,
        1.0,
        0.9991289377212524,
        0.9991289377212524,
        1.0,
        1.0,
        0.9991289377212524,
        1.0,
        1.0,
        0.9991289377212524,
        0.9991289377212524,
        1.0,
        1.0,
        1.0,
        1.0,
        1.0,
        1.0,
        1.0,
        1.0,
        1.0,
        1.0,
        1.0,
        1.0,
        1.0,
        1.0,
        1.0,
        1.0,
        1.0,
        1.0,
        1.0,
        1.0,
        1.0,
        1.0,
        1.0,
        1.0,
        1.0,
        1.0,
        1.0,
        1.0,
        1.0,
        1.0,
        1.0
    ],
    "val_loss": [
        0.7656698822975159,
        0.4901334047317505,
        0.41591769456863403,
        0.4285193979740143,
        0.4897524416446686,
        0.5333580374717712,
        0.5291343331336975,
        0.4902704060077667,
        0.4400752782821655,
        0.3804539442062378,
        0.32415616512298584,
        0.2688620090484619,
        0.22546109557151794,
        0.19796839356422424,
        0.18437281250953674,
        0.17474216222763062,
        0.16770946979522705,
        0.16145016252994537,
        0.15396913886070251,
        0.1408911496400833,
        0.12867112457752228,
        0.11412594467401505,
        0.09913571178913116,
        0.08667568862438202,
        0.0740002989768982,
        0.06094827875494957,
        0.04821349307894707,
        0.03802776709198952,
        0.030843939632177353,
        0.025516290217638016,
        0.021599244326353073,
        0.01886833645403385,
        0.01689244993031025,
        0.01530536264181137,
        0.013794602826237679,
        0.012299545109272003,
        0.011220878921449184,
        0.010445889085531235,
        0.009579513221979141,
        0.008846250362694263,
        0.008184634149074554,
        0.0076075647957623005,
        0.007099525537341833,
        0.006567248608916998,
        0.005959136877208948,
        0.0053269085474312305,
        0.004828283097594976,
        0.00436118571087718,
        0.00394336087629199,
        0.003541187383234501
    ],
    "val_accuracy": [
        0.8678861856460571,
        0.8739837408065796,
        0.815040647983551,
        0.8069105744361877,
        0.815040647983551,
        0.815040647983551,
        0.8191056847572327,
        0.8211382031440735,
        0.8211382031440735,
        0.8252032399177551,
        0.827235758304596,
        0.8516260385513306,
        0.880081295967102,
        0.8943089246749878,
        0.9044715166091919,
        0.9126016497612,
        0.9166666865348816,
        0.9207317233085632,
        0.922764241695404,
        0.9329268336296082,
        0.9430894255638123,
        0.9532520174980164,
        0.9674796462059021,
        0.9735772609710693,
        0.9756097793579102,
        0.9837398529052734,
        0.9898374080657959,
        0.9898374080657959,
        0.9939024448394775,
        0.9939024448394775,
        0.9939024448394775,
        0.9959349632263184,
        0.9959349632263184,
        0.9959349632263184,
        0.9959349632263184,
        0.9959349632263184,
        0.9959349632263184,
        0.9959349632263184,
        0.9979674816131592,
        0.9979674816131592,
        0.9979674816131592,
        0.9979674816131592,
        0.9979674816131592,
        0.9979674816131592,
        0.9979674816131592,
        0.9979674816131592,
        0.9979674816131592,
        0.9979674816131592,
        0.9979674816131592,
        0.9979674816131592
    ]
}