{"comm_round": 2, "loss": 0.01717817224562168, "accuracy": 0.9970760345458984}
{"comm_round": 3, "loss": 0.012789634056389332, "accuracy": 0.9970760345458984}
{"comm_round": 4, "loss": 0.29651281237602234, "accuracy": 0.9005848169326782}
{"comm_round": 5, "loss": 0.019185980781912804, "accuracy": 0.9970760345458984}
{"comm_round": 6, "loss": 0.15524078905582428, "accuracy": 1.0}
{"comm_round": 7, "loss": 0.022712532430887222, "accuracy": 1.0}
{"comm_round": 8, "loss": 0.5100916028022766, "accuracy": 0.8274853825569153}
{"comm_round": 9, "loss": 0.009151197038590908, "accuracy": 0.9970760345458984}
{"comm_round": 10, "loss": 0.27343228459358215, "accuracy": 0.9269005656242371}
