{"comm_round": 2, "loss": 0.01880253292620182, "accuracy": 0.9980952143669128}
{"comm_round": 3, "loss": 0.012638812884688377, "accuracy": 0.9980952143669128}
{"comm_round": 4, "loss": 0.010238023474812508, "accuracy": 0.9980952143669128}
{"comm_round": 5, "loss": 0.009057417511940002, "accuracy": 0.9980952143669128}
{"comm_round": 6, "loss": 0.008414408192038536, "accuracy": 0.9980952143669128}
{"comm_round": 7, "loss": 0.008029191754758358, "accuracy": 0.9980952143669128}
{"comm_round": 8, "loss": 0.007798872422426939, "accuracy": 0.9980952143669128}
{"comm_round": 9, "loss": 0.007651526015251875, "accuracy": 0.9974603056907654}
{"comm_round": 10, "loss": 0.007558977697044611, "accuracy": 0.9974603056907654}
