{"comm_round": 2, "loss": 2.506530523300171, "accuracy": 0.30645161867141724}
{"comm_round": 3, "loss": 1.8138232231140137, "accuracy": 0.5537634491920471}
{"comm_round": 4, "loss": 1.1093518733978271, "accuracy": 0.6505376100540161}
{"comm_round": 5, "loss": 2.635314464569092, "accuracy": 0.5215053558349609}
