{"comm_round": 2, "loss": 0.023441217839717865, "accuracy": 0.9966264963150024}
{"comm_round": 3, "loss": 0.016000375151634216, "accuracy": 0.9966264963150024}
{"comm_round": 4, "loss": 0.01230563037097454, "accuracy": 0.9966264963150024}
{"comm_round": 5, "loss": 0.010148664005100727, "accuracy": 0.9966264963150024}
{"comm_round": 6, "loss": 0.008798928000032902, "accuracy": 0.9966264963150024}
{"comm_round": 7, "loss": 0.007848141714930534, "accuracy": 0.9966264963150024}
{"comm_round": 8, "loss": 0.007162690628319979, "accuracy": 0.9966264963150024}
{"comm_round": 9, "loss": 0.006668333895504475, "accuracy": 0.9990361332893372}
{"comm_round": 10, "loss": 0.0063015311025083065, "accuracy": 0.9990361332893372}
