{"comm_round": 2, "loss": 9.141660848399624e-05, "accuracy": 1.0}
{"comm_round": 3, "loss": 12.3577241897583, "accuracy": 0.20000000298023224}
{"comm_round": 4, "loss": 1.6121622323989868, "accuracy": 0.1966666728258133}
{"comm_round": 5, "loss": 1.6091256141662598, "accuracy": 0.21066667139530182}
{"comm_round": 6, "loss": 1.6091036796569824, "accuracy": 0.21066667139530182}
{"comm_round": 7, "loss": 1.6092064380645752, "accuracy": 0.21933333575725555}
{"comm_round": 8, "loss": 1.6092950105667114, "accuracy": 0.21799999475479126}
{"comm_round": 9, "loss": 1.609417200088501, "accuracy": 0.21666666865348816}
{"comm_round": 10, "loss": 1.6096237897872925, "accuracy": 0.20933333039283752}
{"comm_round": 11, "loss": 1.6100616455078125, "accuracy": 0.21466666460037231}
{"comm_round": 12, "loss": 1.6098934412002563, "accuracy": 0.20333333313465118}
{"comm_round": 13, "loss": 1.6100783348083496, "accuracy": 0.1979999989271164}
{"comm_round": 14, "loss": 1.610250473022461, "accuracy": 0.1913333386182785}
{"comm_round": 15, "loss": 1.610965371131897, "accuracy": 0.18799999356269836}
{"comm_round": 16, "loss": 1.61142897605896, "accuracy": 0.1966666728258133}
{"comm_round": 17, "loss": 1.6125324964523315, "accuracy": 0.20533333718776703}
{"comm_round": 18, "loss": 1.6126060485839844, "accuracy": 0.19866666197776794}
{"comm_round": 19, "loss": 1.6129279136657715, "accuracy": 0.1966666728258133}
{"comm_round": 20, "loss": 1.615985631942749, "accuracy": 0.19599999487400055}
