{
    "loss": [
        2.1994469165802,
        0.40123024582862854,
        0.1940147429704666,
        0.13234902918338776,
        0.1048152968287468,
        0.08004498481750488,
        0.06633751839399338,
        0.051757972687482834,
        0.04613257199525833,
        0.035019174218177795,
        0.02815580554306507,
        0.02729179710149765,
        0.020693782716989517,
        0.01796146109700203,
        0.015845496207475662,
        0.011726034805178642,
        0.011642933823168278,
        0.011180419474840164,
        0.010927034541964531,
        0.009425019845366478,
        0.008115964941680431,
        0.009300298057496548,
        0.007745353039354086,
        0.008906523697078228,
        0.008918111212551594,
        0.00526781938970089,
        0.006356403697282076,
        0.006544031668454409,
        0.005360069684684277,
        0.0060510518960654736,
        0.005518973805010319,
        0.005955111235380173,
        0.0048927729949355125,
        0.0054953633807599545,
        0.005595738533884287,
        0.005460631102323532,
        0.004257543012499809,
        0.005249434150755405,
        0.005045197904109955,
        0.005154705140739679,
        0.005142530892044306,
        0.004323218949139118,
        0.004500436596572399,
        0.004960032179951668,
        0.004185587167739868,
        0.0044556306675076485,
        0.004384268540889025,
        0.004317329730838537,
        0.00457912590354681,
        0.003794426331296563
    ],
    "accuracy": [
        0.2164347767829895,
        0.8794782757759094,
        0.9586086869239807,
        0.9760000109672546,
        0.9829565286636353,
        0.9899130463600159,
        0.991304337978363,
        0.9933912754058838,
        0.9947826266288757,
        0.9947826266288757,
        0.9973912835121155,
        0.9956521987915039,
        0.9965217113494873,
        0.9986087083816528,
        0.9977391362190247,
        0.999478280544281,
        0.999478280544281,
        0.999478280544281,
        0.9986087083816528,
        0.999478280544281,
        0.999478280544281,
        0.999478280544281,
        0.9991304278373718,
        0.9991304278373718,
        0.9986087083816528,
        0.999478280544281,
        0.999478280544281,
        0.999478280544281,
        0.999478280544281,
        0.9991304278373718,
        0.999478280544281,
        0.9991304278373718,
        0.999478280544281,
        0.999478280544281,
        0.999478280544281,
        0.999478280544281,
        0.999478280544281,
        0.999478280544281,
        0.999478280544281,
        0.999478280544281,
        0.999478280544281,
        0.999478280544281,
        0.999478280544281,
        0.9991304278373718,
        0.999478280544281,
        0.999478280544281,
        0.999478280544281,
        0.999478280544281,
        0.999478280544281,
        0.999478280544281
    ],
    "val_loss": [
        0.9960616230964661,
        0.6183224320411682,
        0.39474567770957947,
        0.27347034215927124,
        0.2072027623653412,
        0.16595116257667542,
        0.13307589292526245,
        0.10421441495418549,
        0.08030324429273605,
        0.061008270829916,
        0.045229144394397736,
        0.034051064401865005,
        0.026662219315767288,
        0.021519571542739868,
        0.018100358545780182,
        0.015851788222789764,
        0.014292228035628796,
        0.013058774173259735,
        0.01206234097480774,
        0.01135637890547514,
        0.01086172740906477,
        0.010415127500891685,
        0.00999857671558857,
        0.009491167031228542,
        0.008947624824941158,
        0.00845072790980339,
        0.008084279485046864,
        0.007808436639606953,
        0.007632144261151552,
        0.0075264438055455685,
        0.007454394828528166,
        0.007397274952381849,
        0.00739829707890749,
        0.0074205524288117886,
        0.007477255072444677,
        0.007509533315896988,
        0.007531080394983292,
        0.007511025294661522,
        0.00748011190444231,
        0.007459702901542187,
        0.007487254682928324,
        0.007521383929997683,
        0.0075212023220956326,
        0.0075462148524820805,
        0.007534612435847521,
        0.007489549461752176,
        0.007455066777765751,
        0.007408904377371073,
        0.007391360588371754,
        0.0073726908303797245
    ],
    "val_accuracy": [
        0.7663967609405518,
        0.9323886632919312,
        0.9647773504257202,
        0.9708502292633057,
        0.966801643371582,
        0.9728745222091675,
        0.9769230484962463,
        0.9829959273338318,
        0.9890688061714172,
        0.9931173920631409,
        0.9931173920631409,
        0.9931173920631409,
        0.9951416850090027,
        0.9951416850090027,
        0.9971659779548645,
        0.9991902709007263,
        0.9991902709007263,
        0.9991902709007263,
        0.9991902709007263,
        0.9991902709007263,
        0.9991902709007263,
        0.9991902709007263,
        0.9991902709007263,
        0.9991902709007263,
        0.9991902709007263,
        0.9991902709007263,
        0.9991902709007263,
        0.9991902709007263,
        0.9991902709007263,
        0.9991902709007263,
        0.9991902709007263,
        0.9991902709007263,
        0.9991902709007263,
        0.9971659779548645,
        0.9971659779548645,
        0.9971659779548645,
        0.9971659779548645,
        0.9971659779548645,
        0.9971659779548645,
        0.9971659779548645,
        0.9971659779548645,
        0.9971659779548645,
        0.9971659779548645,
        0.9971659779548645,
        0.9971659779548645,
        0.9971659779548645,
        0.9971659779548645,
        0.9971659779548645,
        0.9971659779548645,
        0.9971659779548645
    ]
}