{"comm_round": 2, "loss": 0.026049157604575157, "accuracy": 0.9980434775352478}
{"comm_round": 3, "loss": 0.01838524639606476, "accuracy": 0.9980434775352478}
{"comm_round": 4, "loss": 0.015119540505111217, "accuracy": 0.9980434775352478}
{"comm_round": 5, "loss": 0.013426929712295532, "accuracy": 0.9980434775352478}
{"comm_round": 6, "loss": 0.012457478791475296, "accuracy": 0.9980434775352478}
{"comm_round": 7, "loss": 0.0118677644059062, "accuracy": 0.9980434775352478}
{"comm_round": 8, "loss": 0.011481842026114464, "accuracy": 0.9980434775352478}
{"comm_round": 9, "loss": 0.011219807900488377, "accuracy": 0.9980434775352478}
{"comm_round": 10, "loss": 0.011040275916457176, "accuracy": 0.9980434775352478}
