{"comm_round": 2, "loss": 0.007763152476400137, "accuracy": 0.9986813068389893}
{"comm_round": 3, "loss": 0.007863141596317291, "accuracy": 0.9986813068389893}
{"comm_round": 4, "loss": 0.09826592355966568, "accuracy": 0.9982417821884155}
{"comm_round": 5, "loss": 0.007032628636807203, "accuracy": 0.9986813068389893}
{"comm_round": 6, "loss": 0.18351148068904877, "accuracy": 0.9986813068389893}
{"comm_round": 7, "loss": 0.00882238894701004, "accuracy": 0.9986813068389893}
{"comm_round": 8, "loss": 0.07344283908605576, "accuracy": 0.9986813068389893}
{"comm_round": 9, "loss": 0.00828227587044239, "accuracy": 0.9986813068389893}
{"comm_round": 10, "loss": 0.12325138598680496, "accuracy": 0.9986813068389893}
