{"comm_round": 2, "loss": 0.01756197214126587, "accuracy": 0.99896639585495}
{"comm_round": 3, "loss": 0.012020111083984375, "accuracy": 0.99896639585495}
{"comm_round": 4, "loss": 0.009889006614685059, "accuracy": 0.99896639585495}
{"comm_round": 5, "loss": 0.008920172229409218, "accuracy": 0.99896639585495}
{"comm_round": 6, "loss": 0.008420045487582684, "accuracy": 0.99896639585495}
{"comm_round": 7, "loss": 0.008136852644383907, "accuracy": 0.99896639585495}
{"comm_round": 8, "loss": 0.007978339679539204, "accuracy": 0.99896639585495}
{"comm_round": 9, "loss": 0.007891721092164516, "accuracy": 0.99896639585495}
{"comm_round": 10, "loss": 0.007851243019104004, "accuracy": 0.99896639585495}
