{"comm_round": 2, "loss": 0.023721925914287567, "accuracy": 0.9969512224197388}
{"comm_round": 3, "loss": 0.023977864533662796, "accuracy": 0.9969512224197388}
{"comm_round": 4, "loss": 0.02697864919900894, "accuracy": 0.9969512224197388}
{"comm_round": 5, "loss": 0.024346882477402687, "accuracy": 0.9969512224197388}
{"comm_round": 6, "loss": 0.023817000910639763, "accuracy": 0.9969512224197388}
{"comm_round": 7, "loss": 0.022168977186083794, "accuracy": 0.9969512224197388}
{"comm_round": 8, "loss": 0.024393096566200256, "accuracy": 0.9969512224197388}
{"comm_round": 9, "loss": 0.02339993603527546, "accuracy": 0.9969512224197388}
{"comm_round": 10, "loss": 0.02252223528921604, "accuracy": 0.9969512224197388}
{"comm_round": 11, "loss": 0.026408154517412186, "accuracy": 0.9969512224197388}
{"comm_round": 12, "loss": 0.02342093549668789, "accuracy": 0.9969512224197388}
{"comm_round": 13, "loss": 0.02273629605770111, "accuracy": 0.9969512224197388}
{"comm_round": 14, "loss": 0.026270581409335136, "accuracy": 0.9969512224197388}
{"comm_round": 15, "loss": 0.02566375397145748, "accuracy": 0.9969512224197388}
{"comm_round": 16, "loss": 0.024204177781939507, "accuracy": 0.9969512224197388}
{"comm_round": 17, "loss": 0.023168237879872322, "accuracy": 0.9969512224197388}
{"comm_round": 18, "loss": 0.02353922836482525, "accuracy": 0.9969512224197388}
{"comm_round": 19, "loss": 0.02636623941361904, "accuracy": 0.9969512224197388}
{"comm_round": 20, "loss": 0.025888707488775253, "accuracy": 0.9969512224197388}
