{
    "loss": [
        2.212559938430786,
        0.3057827353477478,
        0.15077415108680725,
        0.10985387116670609,
        0.07995960861444473,
        0.06689488887786865,
        0.04604073241353035,
        0.041643429547548294,
        0.03469434753060341,
        0.02960296720266342,
        0.02700985223054886,
        0.018489183858036995,
        0.016011495143175125,
        0.016248855739831924,
        0.01587195321917534,
        0.013979507610201836,
        0.010629456490278244,
        0.011718109250068665,
        0.009151541627943516,
        0.011013603769242764,
        0.007534600794315338,
        0.007470984477549791,
        0.006034123711287975,
        0.008162461221218109,
        0.005424561444669962,
        0.005937335081398487,
        0.006243488751351833,
        0.004886937327682972,
        0.00492269080132246,
        0.005105258896946907,
        0.004594025667756796,
        0.004209450446069241,
        0.003629735903814435,
        0.004808457102626562,
        0.004912986420094967,
        0.0040738387033343315,
        0.004087673965841532,
        0.0036991420201957226,
        0.003617310430854559,
        0.0034442953765392303,
        0.0032585200387984514,
        0.003908838145434856,
        0.0033177235163748264,
        0.003577939234673977,
        0.003531982656568289,
        0.003026584628969431,
        0.0029952784534543753,
        0.0029425593093037605,
        0.0032328935340046883,
        0.002818836597725749
    ],
    "accuracy": [
        0.2561850845813751,
        0.9322001934051514,
        0.9737488031387329,
        0.9831916689872742,
        0.9882908463478088,
        0.9898017048835754,
        0.9949008226394653,
        0.9930122494697571,
        0.9935788512229919,
        0.9973559975624084,
        0.9954674243927002,
        0.9977337121963501,
        0.9986779689788818,
        0.9977337121963501,
        0.9977337121963501,
        0.9977337121963501,
        0.9996222853660583,
        0.9986779689788818,
        0.9986779689788818,
        0.9986779689788818,
        0.9996222853660583,
        0.9996222853660583,
        0.9996222853660583,
        0.9986779689788818,
        0.9996222853660583,
        0.9996222853660583,
        0.9996222853660583,
        0.9992445707321167,
        0.9996222853660583,
        0.9992445707321167,
        0.9992445707321167,
        0.9996222853660583,
        0.9996222853660583,
        0.9986779689788818,
        0.9992445707321167,
        0.9992445707321167,
        0.9992445707321167,
        0.9996222853660583,
        0.9996222853660583,
        0.9996222853660583,
        0.9992445707321167,
        0.9996222853660583,
        0.9992445707321167,
        0.9996222853660583,
        0.9996222853660583,
        0.9996222853660583,
        0.9996222853660583,
        0.9996222853660583,
        0.9996222853660583,
        0.9992445707321167
    ],
    "val_loss": [
        0.8729745745658875,
        0.5767833590507507,
        0.42401838302612305,
        0.36125853657722473,
        0.3496233820915222,
        0.3651753067970276,
        0.38884878158569336,
        0.4031626284122467,
        0.3858938217163086,
        0.34219396114349365,
        0.2827613055706024,
        0.2347346395254135,
        0.20390261709690094,
        0.1784314513206482,
        0.16085422039031982,
        0.1526045799255371,
        0.14137162268161774,
        0.12979063391685486,
        0.11759647727012634,
        0.10423734039068222,
        0.09104835242033005,
        0.08028615266084671,
        0.06720039248466492,
        0.05359641835093498,
        0.04533066973090172,
        0.039419811218976974,
        0.036080535501241684,
        0.03382079675793648,
        0.03217991441488266,
        0.030496792867779732,
        0.028549009934067726,
        0.027258528396487236,
        0.026128945872187614,
        0.025370009243488312,
        0.024885129183530807,
        0.024293094873428345,
        0.02358029969036579,
        0.022850532084703445,
        0.022132983431220055,
        0.02138877473771572,
        0.020362714305520058,
        0.019576849415898323,
        0.018975023180246353,
        0.018628539517521858,
        0.018379798159003258,
        0.01813354156911373,
        0.017926838248968124,
        0.017809534445405006,
        0.017783578485250473,
        0.017627613618969917
    ],
    "val_accuracy": [
        0.7828571200370789,
        0.8646153807640076,
        0.8909890055656433,
        0.8778021931648254,
        0.822857141494751,
        0.8096703290939331,
        0.8074725270271301,
        0.8074725270271301,
        0.818461537361145,
        0.820659339427948,
        0.8382417559623718,
        0.8646153807640076,
        0.8865934014320374,
        0.923956036567688,
        0.9327472448348999,
        0.9371428489685059,
        0.9437362551689148,
        0.9503296613693237,
        0.9635164737701416,
        0.9679120779037476,
        0.9789010882377625,
        0.9854944944381714,
        0.9898900985717773,
        0.9942857027053833,
        0.9964835047721863,
        0.9964835047721863,
        0.9964835047721863,
        0.9964835047721863,
        0.9964835047721863,
        0.9964835047721863,
        0.9964835047721863,
        0.9964835047721863,
        0.9964835047721863,
        0.9964835047721863,
        0.9964835047721863,
        0.9964835047721863,
        0.9964835047721863,
        0.9964835047721863,
        0.9964835047721863,
        0.9964835047721863,
        0.9964835047721863,
        0.9964835047721863,
        0.9964835047721863,
        0.9964835047721863,
        0.9964835047721863,
        0.9964835047721863,
        0.9964835047721863,
        0.9964835047721863,
        0.9964835047721863,
        0.9964835047721863
    ]
}