{"comm_round": 2, "loss": 2.40016508102417, "accuracy": 0.3366834223270416}
{"comm_round": 3, "loss": 1.7282066345214844, "accuracy": 0.5577889680862427}
{"comm_round": 4, "loss": 1.1791764497756958, "accuracy": 0.6180904507637024}
{"comm_round": 5, "loss": 2.8178746700286865, "accuracy": 0.4085427224636078}
