{"comm_round": 2, "loss": 0.0074091884307563305, "accuracy": 0.9987775087356567}
{"comm_round": 3, "loss": 12.460102081298828, "accuracy": 0.1966666728258133}
{"comm_round": 4, "loss": 4.209428787231445, "accuracy": 0.20733332633972168}
{"comm_round": 5, "loss": 5.8459649085998535, "accuracy": 0.2173333317041397}
{"comm_round": 6, "loss": 4.069323539733887, "accuracy": 0.20466665923595428}
{"comm_round": 7, "loss": 5.279271602630615, "accuracy": 0.21466666460037231}
{"comm_round": 8, "loss": 3.2920777797698975, "accuracy": 0.21933333575725555}
{"comm_round": 9, "loss": 7.385261058807373, "accuracy": 0.20466665923595428}
{"comm_round": 10, "loss": 3.0618064403533936, "accuracy": 0.21533332765102386}
