{"comm_round": 2, "loss": 0.017957011237740517, "accuracy": 0.9955413937568665}
{"comm_round": 3, "loss": 11.583197593688965, "accuracy": 0.1899999976158142}
{"comm_round": 4, "loss": 0.09872784465551376, "accuracy": 0.9987261295318604}
{"comm_round": 5, "loss": 10.919251441955566, "accuracy": 0.18799999356269836}
{"comm_round": 6, "loss": 0.18865886330604553, "accuracy": 0.9987261295318604}
{"comm_round": 7, "loss": 10.33324909210205, "accuracy": 0.19333332777023315}
{"comm_round": 8, "loss": 0.07062328606843948, "accuracy": 0.9987261295318604}
{"comm_round": 9, "loss": 10.834389686584473, "accuracy": 0.1899999976158142}
{"comm_round": 10, "loss": 0.12744422256946564, "accuracy": 0.9987261295318604}
