{"comm_round": 2, "loss": 0.02288937382400036, "accuracy": 0.9971311688423157}
{"comm_round": 3, "loss": 0.017367297783493996, "accuracy": 0.9971311688423157}
{"comm_round": 4, "loss": 0.014695840887725353, "accuracy": 0.9971311688423157}
{"comm_round": 5, "loss": 0.013169512152671814, "accuracy": 0.9971311688423157}
{"comm_round": 6, "loss": 0.012121803127229214, "accuracy": 0.9971311688423157}
{"comm_round": 7, "loss": 0.011403840966522694, "accuracy": 0.9971311688423157}
{"comm_round": 8, "loss": 0.010820702649652958, "accuracy": 0.9971311688423157}
{"comm_round": 9, "loss": 0.01031038910150528, "accuracy": 0.9971311688423157}
{"comm_round": 10, "loss": 0.009883143939077854, "accuracy": 0.9971311688423157}
