{"comm_round": 2, "loss": 9.072137800103519e-06, "accuracy": 1.0}
{"comm_round": 3, "loss": 12.325692176818848, "accuracy": 0.20466665923595428}
{"comm_round": 4, "loss": 1.6128711700439453, "accuracy": 0.20866666734218597}
{"comm_round": 5, "loss": 1.6109802722930908, "accuracy": 0.1899999976158142}
{"comm_round": 6, "loss": 1.6108988523483276, "accuracy": 0.19466666877269745}
{"comm_round": 7, "loss": 1.6108978986740112, "accuracy": 0.19333332777023315}
{"comm_round": 8, "loss": 1.6108314990997314, "accuracy": 0.1913333386182785}
{"comm_round": 9, "loss": 1.6106358766555786, "accuracy": 0.195333331823349}
{"comm_round": 10, "loss": 1.6105903387069702, "accuracy": 0.19466666877269745}
{"comm_round": 11, "loss": 1.6110742092132568, "accuracy": 0.1913333386182785}
{"comm_round": 12, "loss": 1.6103477478027344, "accuracy": 0.20000000298023224}
{"comm_round": 13, "loss": 1.6107513904571533, "accuracy": 0.18933333456516266}
{"comm_round": 14, "loss": 1.6113337278366089, "accuracy": 0.20266667008399963}
{"comm_round": 15, "loss": 1.6139384508132935, "accuracy": 0.20600000023841858}
{"comm_round": 16, "loss": 1.6165026426315308, "accuracy": 0.20600000023841858}
{"comm_round": 17, "loss": 1.6178301572799683, "accuracy": 0.20000000298023224}
{"comm_round": 18, "loss": 1.6176997423171997, "accuracy": 0.20200000703334808}
{"comm_round": 19, "loss": 1.6201645135879517, "accuracy": 0.20266667008399963}
{"comm_round": 20, "loss": 1.6205509901046753, "accuracy": 0.20600000023841858}
