{
    "loss": [
        2.2818567752838135,
        0.5770543217658997,
        0.3024882972240448,
        0.17425377666950226,
        0.11371046304702759,
        0.09420333057641983,
        0.06976471841335297,
        0.06866215169429779,
        0.05637915059924126,
        0.054108720272779465,
        0.046308644115924835,
        0.04142669588327408,
        0.033367231488227844,
        0.03013193979859352,
        0.025410305708646774,
        0.02627711556851864,
        0.022482305765151978,
        0.02135375887155533,
        0.018017565831542015,
        0.02029355801641941,
        0.01707674004137516,
        0.0140228858217597,
        0.013591086491942406,
        0.0179601963609457,
        0.01470654085278511,
        0.01156226359307766,
        0.013829158619046211,
        0.009839964099228382,
        0.01173491682857275,
        0.009221453219652176,
        0.008398657664656639,
        0.00869822595268488,
        0.00775874825194478,
        0.009044286794960499,
        0.008446100167930126,
        0.00853329710662365,
        0.007485490757972002,
        0.006483591161668301,
        0.009275303222239017,
        0.008950626477599144,
        0.006787036079913378,
        0.006311333738267422,
        0.005881519056856632,
        0.00621669040992856,
        0.005888546817004681,
        0.005725255236029625,
        0.0056729088537395,
        0.005865483544766903,
        0.006342407315969467,
        0.0055183242075145245
    ],
    "accuracy": [
        0.19672131538391113,
        0.8360655903816223,
        0.9442622661590576,
        0.9737704992294312,
        0.9836065769195557,
        0.9863387942314148,
        0.994535505771637,
        0.9931694269180298,
        0.9931694269180298,
        0.9931694269180298,
        0.9901639223098755,
        0.9931694269180298,
        0.994535505771637,
        0.998633861541748,
        0.9969945549964905,
        0.9959016442298889,
        0.9972677826881409,
        0.998633861541748,
        0.998633861541748,
        0.994535505771637,
        0.998633861541748,
        0.998633861541748,
        0.998633861541748,
        0.9972677826881409,
        0.998633861541748,
        0.998633861541748,
        0.9983606338500977,
        0.9983606338500977,
        0.9983606338500977,
        0.998633861541748,
        0.9983606338500977,
        0.9983606338500977,
        0.998633861541748,
        0.998633861541748,
        0.9983606338500977,
        0.998633861541748,
        0.9983606338500977,
        0.998633861541748,
        0.998633861541748,
        0.998633861541748,
        0.9983606338500977,
        0.9989070892333984,
        0.998633861541748,
        0.9989070892333984,
        0.998633861541748,
        0.998633861541748,
        0.998633861541748,
        0.9983606338500977,
        0.998633861541748,
        0.9989070892333984
    ],
    "val_loss": [
        1.302195429801941,
        1.0229041576385498,
        0.8158925175666809,
        0.6837916374206543,
        0.5990836024284363,
        0.5416660308837891,
        0.5015110969543457,
        0.4719490110874176,
        0.4492029547691345,
        0.4325486123561859,
        0.41852831840515137,
        0.4084879755973816,
        0.4011060297489166,
        0.3956393003463745,
        0.3903961479663849,
        0.38719916343688965,
        0.3840758204460144,
        0.3817305862903595,
        0.3791276812553406,
        0.37767815589904785,
        0.37662258744239807,
        0.37442734837532043,
        0.3711744546890259,
        0.3659946322441101,
        0.36005866527557373,
        0.35322070121765137,
        0.34353357553482056,
        0.33204424381256104,
        0.31702718138694763,
        0.300236314535141,
        0.2811935842037201,
        0.2615291178226471,
        0.24260033667087555,
        0.22297683358192444,
        0.2035619467496872,
        0.18540240824222565,
        0.1679953783750534,
        0.15211695432662964,
        0.138428196310997,
        0.1261671781539917,
        0.11474411189556122,
        0.10489136725664139,
        0.09647908806800842,
        0.0894550010561943,
        0.08269381523132324,
        0.0767725482583046,
        0.07147201150655746,
        0.06642014533281326,
        0.0619475319981575,
        0.05800880864262581
    ],
    "val_accuracy": [
        0.6203821897506714,
        0.7254776954650879,
        0.7541401386260986,
        0.7636942863464355,
        0.7636942863464355,
        0.7662420272827148,
        0.7662420272827148,
        0.7662420272827148,
        0.7726114392280579,
        0.7757961750030518,
        0.7789809107780457,
        0.7885350584983826,
        0.7949044704437256,
        0.7980891466140747,
        0.8012738823890686,
        0.8140127658843994,
        0.8171974420547485,
        0.8171974420547485,
        0.8140127658843994,
        0.8203821778297424,
        0.8203821778297424,
        0.8140127658843994,
        0.8140127658843994,
        0.8044586181640625,
        0.8076432943344116,
        0.8171974420547485,
        0.8363057374954224,
        0.8490445613861084,
        0.8585987091064453,
        0.8745222687721252,
        0.880891740322113,
        0.8999999761581421,
        0.9191082715988159,
        0.9191082715988159,
        0.9350318312644958,
        0.9445859789848328,
        0.9509553909301758,
        0.9573248624801636,
        0.9636942744255066,
        0.9636942744255066,
        0.9668790102005005,
        0.9700636863708496,
        0.9732484221458435,
        0.9732484221458435,
        0.9859872460365295,
        0.9859872460365295,
        0.9891719818115234,
        0.9923567175865173,
        0.9923567175865173,
        0.9923567175865173
    ]
}