{"comm_round": 2, "loss": 0.012003599666059017, "accuracy": 0.9985257983207703}
{"comm_round": 3, "loss": 0.013466780073940754, "accuracy": 0.9985257983207703}
{"comm_round": 4, "loss": 0.30598270893096924, "accuracy": 0.900245726108551}
{"comm_round": 5, "loss": 0.014843051321804523, "accuracy": 0.9985257983207703}
{"comm_round": 6, "loss": 0.16590829193592072, "accuracy": 0.9985257983207703}
{"comm_round": 7, "loss": 0.026356494054198265, "accuracy": 0.9985257983207703}
{"comm_round": 8, "loss": 0.5630584955215454, "accuracy": 0.8004913926124573}
{"comm_round": 9, "loss": 0.007249682676047087, "accuracy": 0.9985257983207703}
{"comm_round": 10, "loss": 0.3189558684825897, "accuracy": 0.8864864706993103}
