{"comm_round": 2, "loss": 2.3799073696136475, "accuracy": 0.35497382283210754}
{"comm_round": 3, "loss": 4.411482810974121, "accuracy": 0.21578946709632874}
{"comm_round": 4, "loss": 4.246400356292725, "accuracy": 0.23157894611358643}
{"comm_round": 5, "loss": 5.434531211853027, "accuracy": 0.21315789222717285}
