{"round": 1, "cohort": 1, "losses": [[0, 1.6685700416564941], [1, 0.00022856233408674598]], "metrics": {"accuracy": [[0, 0.20000000298023224], [1, 1.0]], "F1_score": [[0, 0.15111111111111108], [1, 1.0]]}}
{"round": 2, "cohort": 1, "losses": [[0, 0.00022856233408674598], [1, 1.670633901085239e-05]], "metrics": {"accuracy": [[0, 1.0], [1, 1.0]], "F1_score": [[0, 1.0], [1, 1.0]]}}
{"round": 3, "cohort": 1, "losses": [[0, 1.670633901085239e-05], [1, 1.032779437082354e-05]], "metrics": {"accuracy": [[0, 1.0], [1, 1.0]], "F1_score": [[0, 1.0], [1, 1.0]]}}
{"round": 4, "cohort": 1, "losses": [[0, 1.032779437082354e-05], [1, 0.0860157236456871]], "metrics": {"accuracy": [[0, 1.0], [1, 1.0]], "F1_score": [[0, 1.0], [1, 1.0]]}}
{"round": 5, "cohort": 1, "losses": [[0, 0.0860157236456871], [1, 2.5094863303820603e-05]], "metrics": {"accuracy": [[0, 1.0], [1, 1.0]], "F1_score": [[0, 1.0], [1, 1.0]]}}
{"round": 6, "cohort": 1, "losses": [[0, 2.5094863303820603e-05], [1, 0.13977447152137756]], "metrics": {"accuracy": [[0, 1.0], [1, 1.0]], "F1_score": [[0, 1.0], [1, 1.0]]}}
{"round": 7, "cohort": 1, "losses": [[0, 0.13977447152137756], [1, 3.9618487789994106e-05]], "metrics": {"accuracy": [[0, 1.0], [1, 1.0]], "F1_score": [[0, 1.0], [1, 1.0]]}}
{"round": 8, "cohort": 1, "losses": [[0, 3.9618487789994106e-05], [1, 0.06780722737312317]], "metrics": {"accuracy": [[0, 1.0], [1, 1.0]], "F1_score": [[0, 1.0], [1, 1.0]]}}
{"round": 9, "cohort": 1, "losses": [[0, 0.06780722737312317], [1, 3.3660060580587015e-05]], "metrics": {"accuracy": [[0, 1.0], [1, 1.0]], "F1_score": [[0, 1.0], [1, 1.0]]}}
{"round": 10, "cohort": 1, "losses": [[0, 3.3660060580587015e-05], [1, 0.11254579573869705]], "metrics": {"accuracy": [[0, 1.0], [1, 1.0]], "F1_score": [[0, 1.0], [1, 1.0]]}}
