{"Current_loss": 0.11254579573869705, "delta loss": 0.11251213567811646, "Current_accuracy": 1.0, "delta_accuracy": 0.0}
