{"comm_round": 2, "loss": 0.0014198336284607649, "accuracy": 0.9994962215423584}
{"comm_round": 3, "loss": 11.785470962524414, "accuracy": 0.18799999356269836}
{"comm_round": 4, "loss": 0.09157685935497284, "accuracy": 0.9994962215423584}
{"comm_round": 5, "loss": 10.697239875793457, "accuracy": 0.19333332777023315}
{"comm_round": 6, "loss": 0.17879563570022583, "accuracy": 0.9994962215423584}
{"comm_round": 7, "loss": 10.399572372436523, "accuracy": 0.1899999976158142}
{"comm_round": 8, "loss": 0.07248494029045105, "accuracy": 0.9994962215423584}
{"comm_round": 9, "loss": 11.051106452941895, "accuracy": 0.18799999356269836}
{"comm_round": 10, "loss": 0.1231020987033844, "accuracy": 0.9994962215423584}
