{"comm_round": 2, "loss": 0.0274362713098526, "accuracy": 0.994106113910675}
{"comm_round": 3, "loss": 0.021055875346064568, "accuracy": 0.994106113910675}
{"comm_round": 4, "loss": 0.0182072464376688, "accuracy": 0.994106113910675}
{"comm_round": 5, "loss": 0.016724249348044395, "accuracy": 0.9960707426071167}
{"comm_round": 6, "loss": 0.015884889289736748, "accuracy": 0.9960707426071167}
{"comm_round": 7, "loss": 0.015386841259896755, "accuracy": 0.9980353713035583}
{"comm_round": 8, "loss": 0.015065816231071949, "accuracy": 0.9980353713035583}
{"comm_round": 9, "loss": 0.014880041591823101, "accuracy": 0.9980353713035583}
{"comm_round": 10, "loss": 0.014762130565941334, "accuracy": 0.9980353713035583}
