{
    "loss": [
        2.3397860527038574,
        0.6563364267349243,
        0.2969561517238617,
        0.16612406075000763,
        0.13079200685024261,
        0.11197379231452942,
        0.09986371546983719,
        0.08493639528751373,
        0.07742395251989365,
        0.06019284948706627,
        0.05404555797576904,
        0.053208790719509125,
        0.041145939379930496,
        0.0389578752219677,
        0.03296045958995819,
        0.03351866826415062,
        0.027581028640270233,
        0.02661263383924961,
        0.02630629390478134,
        0.02039744146168232,
        0.021827001124620438,
        0.021288681775331497,
        0.019091816619038582,
        0.018119022250175476,
        0.017804747447371483,
        0.01772887259721756,
        0.0140839247033,
        0.014646586962044239,
        0.012442927807569504,
        0.013926050625741482,
        0.012495865114033222,
        0.011940502561628819,
        0.010672152042388916,
        0.010779546573758125,
        0.010900591500103474,
        0.010059804655611515,
        0.01016947627067566,
        0.008634718134999275,
        0.008050530217587948,
        0.008536390960216522,
        0.008974692784249783,
        0.008463180623948574,
        0.010082750581204891,
        0.006902110297232866,
        0.007526117376983166,
        0.0066162399016320705,
        0.006461574696004391,
        0.007327789440751076,
        0.006113145966082811,
        0.007388395257294178
    ],
    "accuracy": [
        0.1719222515821457,
        0.7924405932426453,
        0.9470842480659485,
        0.978185772895813,
        0.9827213883399963,
        0.9859611392021179,
        0.9857451319694519,
        0.9889848828315735,
        0.9913606643676758,
        0.99028080701828,
        0.9939525127410889,
        0.9967602491378784,
        0.997840166091919,
        0.9967602491378784,
        0.9965443015098572,
        0.997840166091919,
        0.997840166091919,
        0.997840166091919,
        0.9989200830459595,
        0.9989200830459595,
        0.9989200830459595,
        0.9989200830459595,
        0.9989200830459595,
        0.9987040758132935,
        0.9976242184638977,
        0.9976242184638977,
        0.9989200830459595,
        0.9976242184638977,
        0.9987040758132935,
        0.9987040758132935,
        0.9989200830459595,
        0.9989200830459595,
        0.9987040758132935,
        0.9987040758132935,
        0.9989200830459595,
        0.9989200830459595,
        0.9989200830459595,
        0.9987040758132935,
        0.9987040758132935,
        0.9982721209526062,
        0.9987040758132935,
        0.9987040758132935,
        0.9987040758132935,
        0.9987040758132935,
        0.9989200830459595,
        0.9989200830459595,
        0.9989200830459595,
        0.9989200830459595,
        0.9989200830459595,
        0.9982721209526062
    ],
    "val_loss": [
        1.281828761100769,
        1.0430333614349365,
        0.8717995882034302,
        0.7473692893981934,
        0.6618184447288513,
        0.6059442758560181,
        0.5747632384300232,
        0.5616442561149597,
        0.5615899562835693,
        0.5704288482666016,
        0.5849656462669373,
        0.6038593649864197,
        0.6248317360877991,
        0.6456137299537659,
        0.6646146774291992,
        0.6827599406242371,
        0.6992207765579224,
        0.7126172780990601,
        0.7226704955101013,
        0.7285587787628174,
        0.729102373123169,
        0.7241672873497009,
        0.7143703699111938,
        0.6988945603370667,
        0.6775280833244324,
        0.6499748229980469,
        0.6192722320556641,
        0.5853985548019409,
        0.5496928095817566,
        0.5126450061798096,
        0.4759804606437683,
        0.4399312138557434,
        0.4058244824409485,
        0.3741222023963928,
        0.3446400761604309,
        0.31707361340522766,
        0.29194092750549316,
        0.2694966197013855,
        0.24982987344264984,
        0.23273777961730957,
        0.21784643828868866,
        0.20501060783863068,
        0.19364690780639648,
        0.18305832147598267,
        0.17366977035999298,
        0.1649094521999359,
        0.15674157440662384,
        0.14892388880252838,
        0.14192208647727966,
        0.13375742733478546
    ],
    "val_accuracy": [
        0.5717884302139282,
        0.7561712861061096,
        0.7712846398353577,
        0.7712846398353577,
        0.7712846398353577,
        0.7738035321235657,
        0.7738035321235657,
        0.7738035321235657,
        0.7738035321235657,
        0.7763224244117737,
        0.7788413166999817,
        0.7813602089881897,
        0.7813602089881897,
        0.7813602089881897,
        0.7813602089881897,
        0.7813602089881897,
        0.7813602089881897,
        0.7813602089881897,
        0.7813602089881897,
        0.7813602089881897,
        0.7813602089881897,
        0.7813602089881897,
        0.7813602089881897,
        0.7813602089881897,
        0.7813602089881897,
        0.7813602089881897,
        0.7813602089881897,
        0.7813602089881897,
        0.7813602089881897,
        0.7813602089881897,
        0.7838791012763977,
        0.7939546704292297,
        0.7964735627174377,
        0.8191435933113098,
        0.8443325161933899,
        0.867002546787262,
        0.8871536254882812,
        0.9022669792175293,
        0.9148614406585693,
        0.9224181175231934,
        0.9476070404052734,
        0.9526448249816895,
        0.9551637172698975,
        0.9576826095581055,
        0.9602015018463135,
        0.9627203941345215,
        0.9677581787109375,
        0.9702770709991455,
        0.9702770709991455,
        0.9727959632873535
    ]
}