{"comm_round": 2, "loss": 2.4938876628875732, "accuracy": 0.34545454382896423}
{"comm_round": 3, "loss": 1.8616139888763428, "accuracy": 0.5090909004211426}
{"comm_round": 4, "loss": 1.3371667861938477, "accuracy": 0.581818163394928}
{"comm_round": 5, "loss": 3.0088720321655273, "accuracy": 0.4300000071525574}
