{"comm_round": 2, "loss": 0.019724398851394653, "accuracy": 0.996476948261261}
{"comm_round": 3, "loss": 0.012749356217682362, "accuracy": 0.9991869926452637}
{"comm_round": 4, "loss": 0.009354395791888237, "accuracy": 0.9991869926452637}
{"comm_round": 5, "loss": 0.00760306790471077, "accuracy": 0.9991869926452637}
{"comm_round": 6, "loss": 0.006566627882421017, "accuracy": 0.9991869926452637}
{"comm_round": 7, "loss": 0.005927999969571829, "accuracy": 0.9991869926452637}
{"comm_round": 8, "loss": 0.005508471745997667, "accuracy": 0.9991869926452637}
{"comm_round": 9, "loss": 0.00521967513486743, "accuracy": 0.9991869926452637}
{"comm_round": 10, "loss": 0.005001888144761324, "accuracy": 0.9991869926452637}
