{"comm_round": 2, "loss": 2.5648627342889085e-05, "accuracy": 1.0}
{"comm_round": 3, "loss": 1.3074391972622834e-05, "accuracy": 1.0}
{"comm_round": 4, "loss": 5.858239092049189e-06, "accuracy": 1.0}
{"comm_round": 5, "loss": 5.399776455305982e-06, "accuracy": 1.0}
{"comm_round": 6, "loss": 5.072467502031941e-06, "accuracy": 1.0}
{"comm_round": 7, "loss": 5.247030458122026e-06, "accuracy": 1.0}
{"comm_round": 8, "loss": 3.8916014091228135e-06, "accuracy": 1.0}
{"comm_round": 9, "loss": 3.0503590551234083e-06, "accuracy": 1.0}
{"comm_round": 10, "loss": 2.481918727426091e-06, "accuracy": 1.0}
{"comm_round": 11, "loss": 2.5123110845015617e-06, "accuracy": 1.0}
{"comm_round": 12, "loss": 3.3628480196057353e-06, "accuracy": 1.0}
{"comm_round": 13, "loss": 3.257556727476185e-06, "accuracy": 1.0}
{"comm_round": 14, "loss": 4.224348685966106e-06, "accuracy": 1.0}
{"comm_round": 15, "loss": 1.5152079413383035e-06, "accuracy": 1.0}
{"comm_round": 16, "loss": 3.3841945423773723e-06, "accuracy": 1.0}
{"comm_round": 17, "loss": 3.9220917642524e-06, "accuracy": 1.0}
{"comm_round": 18, "loss": 3.999723048764281e-06, "accuracy": 1.0}
{"comm_round": 19, "loss": 2.463933697072207e-06, "accuracy": 1.0}
{"comm_round": 20, "loss": 1.966889840332442e-06, "accuracy": 1.0}
