{
    "loss": [
        1.8188064098358154,
        0.42796844244003296,
        0.21070311963558197,
        0.140574112534523,
        0.10922571271657944,
        0.08773487061262131,
        0.07476841658353806,
        0.0668020099401474,
        0.05708729103207588,
        0.05103341117501259,
        0.042171724140644073,
        0.03666535019874573,
        0.03683457151055336,
        0.027773240581154823,
        0.02578439749777317,
        0.024010425433516502,
        0.02042531780898571,
        0.022178521379828453,
        0.019527386873960495,
        0.019107166677713394,
        0.01883675344288349,
        0.016689274460077286,
        0.017692357301712036,
        0.014654213562607765,
        0.012194525450468063,
        0.012373466975986958,
        0.011098996736109257,
        0.013188455253839493,
        0.010984658263623714,
        0.011031122878193855,
        0.010638801380991936,
        0.009923766367137432,
        0.010070736519992352,
        0.00972259696573019,
        0.008829564787447453,
        0.008976547978818417,
        0.009889899753034115,
        0.009387829340994358,
        0.00946825835853815,
        0.009126540273427963,
        0.009422733448445797,
        0.008492923341691494,
        0.009897349402308464,
        0.007735102437436581,
        0.007335865870118141,
        0.0073979562148451805,
        0.00876421108841896,
        0.008547241799533367,
        0.007825754582881927,
        0.007685839664191008
    ],
    "accuracy": [
        0.31532663106918335,
        0.9016331434249878,
        0.97160804271698,
        0.9861809015274048,
        0.9886934757232666,
        0.9937185645103455,
        0.9912060499191284,
        0.9937185645103455,
        0.9949748516082764,
        0.9912060499191284,
        0.9953517317771912,
        0.9949748516082764,
        0.9962311387062073,
        0.9987437129020691,
        0.9987437129020691,
        0.9987437129020691,
        0.9987437129020691,
        0.9987437129020691,
        0.9987437129020691,
        0.9987437129020691,
        0.9987437129020691,
        0.9974874258041382,
        0.9974874258041382,
        0.9987437129020691,
        0.9987437129020691,
        0.9987437129020691,
        0.9987437129020691,
        0.9987437129020691,
        0.9987437129020691,
        0.9987437129020691,
        0.9974874258041382,
        0.9987437129020691,
        0.9987437129020691,
        0.9987437129020691,
        0.9987437129020691,
        0.9987437129020691,
        0.9987437129020691,
        0.9982411861419678,
        0.9982411861419678,
        0.9987437129020691,
        0.9987437129020691,
        0.9987437129020691,
        0.9974874258041382,
        0.9982411861419678,
        0.9979899525642395,
        0.9982411861419678,
        0.9982411861419678,
        0.9982411861419678,
        0.9987437129020691,
        0.9984924793243408
    ],
    "val_loss": [
        1.0522915124893188,
        0.7825793623924255,
        0.6452952027320862,
        0.5728305578231812,
        0.534264326095581,
        0.5167794823646545,
        0.5134311318397522,
        0.5213324427604675,
        0.5374767184257507,
        0.5607017874717712,
        0.5893108248710632,
        0.6191772222518921,
        0.6501172184944153,
        0.6814219951629639,
        0.7107046246528625,
        0.7362524271011353,
        0.7573484182357788,
        0.7723395824432373,
        0.7810907363891602,
        0.784340500831604,
        0.7835261225700378,
        0.7801635265350342,
        0.7761895060539246,
        0.7703160643577576,
        0.7635376453399658,
        0.7569103837013245,
        0.7507976293563843,
        0.745448648929596,
        0.7401584386825562,
        0.7363988757133484,
        0.7318750619888306,
        0.7270423769950867,
        0.7220033407211304,
        0.7165417671203613,
        0.7096527218818665,
        0.7016934752464294,
        0.6939437985420227,
        0.6856399774551392,
        0.6784948706626892,
        0.6698997020721436,
        0.6611692309379578,
        0.6511144638061523,
        0.6401020884513855,
        0.6304129362106323,
        0.6171737909317017,
        0.6030843257904053,
        0.5889730453491211,
        0.5732433795928955,
        0.5584139227867126,
        0.5403987169265747
    ],
    "val_accuracy": [
        0.719298243522644,
        0.7748538255691528,
        0.7777777910232544,
        0.7777777910232544,
        0.7836257219314575,
        0.7836257219314575,
        0.7836257219314575,
        0.7865496873855591,
        0.7894737124443054,
        0.7894737124443054,
        0.7894737124443054,
        0.7894737124443054,
        0.7894737124443054,
        0.792397677898407,
        0.792397677898407,
        0.792397677898407,
        0.7953216433525085,
        0.7953216433525085,
        0.7953216433525085,
        0.7953216433525085,
        0.7953216433525085,
        0.7953216433525085,
        0.7953216433525085,
        0.7953216433525085,
        0.7953216433525085,
        0.7953216433525085,
        0.7953216433525085,
        0.7953216433525085,
        0.7953216433525085,
        0.7953216433525085,
        0.7953216433525085,
        0.7953216433525085,
        0.7953216433525085,
        0.7953216433525085,
        0.7953216433525085,
        0.7953216433525085,
        0.7953216433525085,
        0.7953216433525085,
        0.7953216433525085,
        0.7953216433525085,
        0.7953216433525085,
        0.7953216433525085,
        0.7953216433525085,
        0.7953216433525085,
        0.7953216433525085,
        0.7953216433525085,
        0.7953216433525085,
        0.7953216433525085,
        0.8011695742607117,
        0.8011695742607117
    ]
}