{"comm_round": 2, "loss": 4.6636752813356e-05, "accuracy": 1.0}
{"comm_round": 3, "loss": 12.330849647521973, "accuracy": 0.20866666734218597}
{"comm_round": 4, "loss": 4.512699127197266, "accuracy": 0.19733333587646484}
{"comm_round": 5, "loss": 6.170600414276123, "accuracy": 0.18799999356269836}
{"comm_round": 6, "loss": 4.151782035827637, "accuracy": 0.18799999356269836}
{"comm_round": 7, "loss": 5.540772438049316, "accuracy": 0.18799999356269836}
{"comm_round": 8, "loss": 3.4092321395874023, "accuracy": 0.1993333399295807}
{"comm_round": 9, "loss": 7.573247909545898, "accuracy": 0.18799999356269836}
{"comm_round": 10, "loss": 3.19411039352417, "accuracy": 0.19066666066646576}
