{"comm_round": 2, "loss": 0.01758946105837822, "accuracy": 0.9979848861694336}
{"comm_round": 3, "loss": 0.011532346718013287, "accuracy": 0.9979848861694336}
{"comm_round": 4, "loss": 0.008769096806645393, "accuracy": 0.9979848861694336}
{"comm_round": 5, "loss": 0.007252174895256758, "accuracy": 0.9979848861694336}
{"comm_round": 6, "loss": 0.006331987679004669, "accuracy": 0.9979848861694336}
{"comm_round": 7, "loss": 0.005731523036956787, "accuracy": 0.9979848861694336}
{"comm_round": 8, "loss": 0.005322078708559275, "accuracy": 0.9979848861694336}
{"comm_round": 9, "loss": 0.005031160544604063, "accuracy": 0.9979848861694336}
{"comm_round": 10, "loss": 0.004816902335733175, "accuracy": 0.9979848861694336}
