{"comm_round": 2, "loss": 2.4430453777313232, "accuracy": 0.3300970792770386}
{"comm_round": 3, "loss": 1.7115894556045532, "accuracy": 0.5359223484992981}
{"comm_round": 4, "loss": 0.9864953756332397, "accuracy": 0.6786407828330994}
{"comm_round": 5, "loss": 3.0698299407958984, "accuracy": 0.4223301112651825}
